{
  "1": 0.9893827859569649,
  "2": 0.0022650056625141564,
  "4": 0.0021234428086070213,
  "8": 0.00622876557191393
}